State name,District code,Population,Male,Female,Literate,Male_Literate,Female_Literate,SC,Male_SC,Female_SC,ST,Male_ST,Female_ST,Workers,Male_Workers,Female_Workers,Main_Workers,Marginal_Workers,Non_Workers,Cultivator_Workers,Agricultural_Workers,Household_Workers,Other_Workers,Hindus,Muslims,Christians,Sikhs,Buddhists,Jains,Others_Religions,Religion_Not_Stated,LPG_or_PNG_Households,Housholds_with_Electric_Lighting,Households_with_Internet,Households_with_Computer,Rural_Households,Urban_Households,Households,Below_Primary_Education,Primary_Education,Middle_Education,Secondary_Education,Higher_Education,Graduate_Education,Other_Education,Literate_Education,Illiterate_Education,Total_Education,Age_Group_0_29,Age_Group_30_49,Age_Group_50,Age not stated,Households_with_Bicycle,Households_with_Car_Jeep_Van,Households_with_Scooter_Motorcycle_Moped,Households_with_Telephone_Mobile_Phone_Landline_only,Households_with_Telephone_Mobile_Phone_Mobile_only,Households_with_TV_Computer_Laptop_Telephone_mobile_phone_and_Scooter_Car,Households_with_Television,Households_with_Telephone_Mobile_Phone,Households_with_Telephone_Mobile_Phone_Both,Having_latrine_facility_within_the_premises_Total_Households,Ownership_Owned_Households,Ownership_Rented_Households,Type_of_latrine_facility_Pit_latrine_Households,Type_of_latrine_facility_Other_latrine_Households,Type_of_latrine_facility_Night_soil_disposed_into_open_drain_Households,Type_of_latrine_facility_Flush_pour_flush_latrine_connected_to_other_system_Households,Not_having_latrine_facility_within_the_premises_Alternative_source_Open_Households,Main_source_of_drinking_water_Un_covered_well_Households,Main_source_of_drinking_water_Handpump_Tubewell_Borewell_Households,Main_source_of_drinking_water_Spring_Households,Main_source_of_drinking_water_River_Canal_Households,Main_source_of_drinking_water_Other_sources_Households,Main_source_of_drinking_water_Other_sources_Spring_River_Canal_Tank_Pond_Lake_Other_sources__Households,Location_of_drinking_water_source_Near_the_premises_Households,Location_of_drinking_water_source_Within_the_premises_Households,Main_source_of_drinking_water_Tank_Pond_Lake_Households,Main_source_of_drinking_water_Tapwater_Households,Main_source_of_drinking_water_Tubewell_Borehole_Households,Location_of_drinking_water_source_Away_Households,Power_Parity_Less_than_Rs_45000,Power_Parity_Rs_45000_90000,Power_Parity_Rs_90000_150000,Power_Parity_Rs_45000_150000,Power_Parity_Rs_150000_240000,Power_Parity_Rs_240000_330000,Power_Parity_Rs_150000_330000,Power_Parity_Rs_330000_425000,Power_Parity_Rs_425000_545000,Power_Parity_Rs_330000_545000,Power_Parity_Above_Rs_545000,Total_Power_Parity,Male_Literate_pct,Female_Literate_pct,Male_SC_pct,Female_SC_pct,Male_ST_pct,Female_ST_pct,Male_Workers_pct,Female_Workers_pct,Main_Workers_pct,Marginal_Workers_pct,Non_Workers_pct,Cultivator_Workers_pct,Agricultural_Workers_pct,Household_Workers_pct,Other_Workers_pct,Hindus_pct,Muslims_pct,Sikhs_pct,Jains_pct,Buddhists_pct,Others_Religions_pct,Religion_Not_Stated_pct,LPG_or_PNG_Households_pct,Housholds_with_Electric_Lighting_pct,Households_with_Internet_pct,Households_with_Computer_pct,Rural_Households_pct,Urban_Households_pct,Below_Primary_Education_pct,Primary_Education_pct,Middle_Education_pct,Secondary_Education_pct,Higher_Education_pct,Graduate_Education_pct,Other_Education_pct,Literate_Education_pct,Illiterate_Education_pct,Total_Education_pct,Age_Group_0_29_pct,Age_Group_30_49_pct,Age_Group_50_pct,Age not stated_pct,Households_with_Bicycle_pct,Households_with_Car_Jeep_Van_pct,Households_with_Scooter_Motorcycle_Moped_pct,Households_with_Telephone_Mobile_Phone_Landline_only_pct,Households_with_Telephone_Mobile_Phone_Mobile_only_pct,Households_with_Television_pct,Households_with_Telephone_Mobile_Phone_pct,Households_with_Telephone_Mobile_Phone_Both_pct,Households_with_TV_Computer_Laptop_Telephone_mobile_phone_and_Scooter_Car_pct,Ownership_Owned_Households_pct,Ownership_Rented_Households_pct,Type_of_latrine_facility_Pit_latrine_Households_pct,Type_of_latrine_facility_Other_latrine_Households_pct,Type_of_latrine_facility_Night_soil_disposed_into_open_drain_Households_pct,Type_of_latrine_facility_Flush_pour_flush_latrine_connected_to_other_system_Households_pct,Not_having_latrine_facility_within_the_premises_Alternative_source_Open_Households_pct,Main_source_of_drinking_water_Un_covered_well_Households_pct,Main_source_of_drinking_water_Handpump_Tubewell_Borewell_Households_pct,Main_source_of_drinking_water_Spring_Households_pct,Main_source_of_drinking_water_River_Canal_Households_pct,Main_source_of_drinking_water_Other_sources_Households_pct,Main_source_of_drinking_water_Other_sources_Spring_River_Canal_Tank_Pond_Lake_Other_sources__Households_pct,Location_of_drinking_water_source_Near_the_premises_Households_pct,Location_of_drinking_water_source_Within_the_premises_Households_pct,Main_source_of_drinking_water_Tank_Pond_Lake_Households_pct,Main_source_of_drinking_water_Tapwater_Households_pct,Main_source_of_drinking_water_Tubewell_Borehole_Households_pct,Location_of_drinking_water_source_Away_Households_pct,Power_Parity_Less_than_Rs_45000_pct,Power_Parity_Rs_45000_90000_pct,Power_Parity_Rs_90000_150000_pct,Power_Parity_Rs_45000_150000_pct,Power_Parity_Rs_150000_240000_pct,Power_Parity_Rs_240000_330000_pct,Power_Parity_Rs_150000_330000_pct,Power_Parity_Rs_330000_425000_pct,Power_Parity_Rs_425000_545000_pct,Power_Parity_Rs_330000_545000_pct,Power_Parity_Above_Rs_545000_pct,Total_Power_Parity_pct
ANDAMAN AND NICOBAR ISLANDS,1917,380581,202871,177710,294281,164377,129904,0,0,0,28530,14731,13799,152535,120889,31646,125910,26625,228046,16567,4781,3727,127460,264296,32413,80984,1286,338,31,564,669,41539,80421,3234,8194,89950,51725,141675,34833,60466,71733,61182,43620,28821,4250,304905,68492,373397,204538,119161,56514,368,17066,6426,23076,2841,67286,5099,63965,78100,7973,65450,53527,30123,2679,219,151,1774,25641,6194,497,1091,2405,1793,6663,25198,56615,1374,79375,482,11563,1879,4069,2741,6810,1073,636,1709,405,737,1142,544,12084,81.02538066061685,73.09886894378482,0.0,0.0,7.261264547421761,7.764897867311912,59.58909849115941,17.80766417196556,33.0836274012628,6.995882611060457,59.92048998767674,4.353081210044643,1.256237174215213,0.9792921874712611,33.49089944059214,69.4454005848952,8.51671523276254,0.3379044145661502,0.008145440786586824,0.08881158018923699,0.148194471084999,0.1757838672976318,29.31992235750838,56.76442562202223,2.282689253573319,5.783659784718545,63.49038291865185,36.50961708134815,9.152585126425123,15.8878136323148,18.8482872240075,16.07594703886952,11.46142345519088,7.572895126136093,1.116713656225613,80.11566525916953,17.99669452757757,98.1123597867471,53.74361830989987,31.31028611517653,14.84940131010219,0.09669426482141778,12.04587965413799,4.535733192165167,16.28798305982001,2.005293806246691,47.49320628198341,45.14910887594847,55.12616904887948,5.627668960649373,3.59908240691724,37.78154226221987,21.26204340921122,1.890947591318158,0.154579142403388,0.1065819657667196,1.252161637550732,18.09846479618846,4.37197811893418,0.3508028939474149,0.7700723486853714,1.6975472031057,1.265572613375684,4.703017469560614,17.78577730721722,39.96117875419093,0.9698253043938591,56.02611611081701,0.3402152814540321,8.16163755073231,1.326274925004411,2.872066349038292,1.934709722957473,4.806776071995765,0.7573672136933122,0.4489147697194283,1.206281983412741,0.285865537321334,0.5202046938415387,0.8060702311628728,0.3839774130933474,8.529380624669137
ANDHRA PRADESH,12489,84580777,42442146,42138631,50556760,28251243,22305517,13878078,6913047,6965031,5918073,2969362,2948711,39422906,24185595,15237311,33037378,6385528,45157871,6491522,16967754,1439137,14524493,74824149,8082412,1129784,40244,36692,53849,9547,404100,7525445,19377222,549284,1763555,17174077,8420919,25594996,9672732,13036342,11566354,9266937,5481749,5069999,687039,54781152,27185233,81966385,45815669,23148452,14845225,771431,6754231,562769,3914068,857080,11549740,816992,12358093,13262317,855497,10424003,16498540,4146219,1141558,228797,165673,204395,10085161,1231522,4337080,101574,65270,439959,660427,7834465,9089558,53624,14691570,1451570,4100511,19930,46112,34248,80360,5183,3090,8273,3771,5385,9156,6449,124166,66.56412472639815,52.93365368229453,16.28816554186492,16.52884973885364,6.996257917778238,6.997643089069506,56.98485415888253,36.15995735599478,39.06014956566312,7.549620878985304,53.39022955535157,7.674937769843377,20.06100511467281,1.701494182301021,17.17233337783123,88.46472171803292,9.555849788421783,0.0475805513113222,0.06366576651335326,0.04338101552318442,0.01128743473236241,0.4777681340052007,29.40201670670314,75.70707180419173,2.146060112687652,6.890233544088072,67.09935410812332,32.90064589187668,11.43608789500716,15.41288985794018,13.67492048459191,10.95631575954901,6.481081392761384,5.99426865042869,0.81228740662905,64.76785144690737,32.14114833681417,96.90899978372154,54.16794527673824,27.36845512781231,17.55153538019638,0.912064215253071,26.38887304377778,2.1987461924198,15.29231729514628,3.348623301210909,45.12499240085835,48.283238645554,51.81605420059452,3.342438498525259,3.19199893604203,64.46002179488521,16.19933443240233,4.460082744298925,0.8939130133093203,0.6472866805683424,0.7985740650242728,39.40286218446762,4.811573324723318,16.9450309740232,0.3968510094707575,0.2550107841392122,1.718925840035294,2.580297336244944,30.60936207999407,35.5130276246185,0.20950970259968,57.40016525105142,5.671303875179352,16.0207526502446,0.07786678302274398,0.1801602156921611,0.1338074051662286,0.3139676208583897,0.02025005200235233,0.01207267233016954,0.03232272433252188,0.01473334865924574,0.0210392687695673,0.03577261742881303,0.02519633134539267,0.4851182629604631
ARUNACHAL PRADESH,4040,1383727,713912,669815,766005,439868,326137,0,0,0,951821,468390,483431,587657,350273,237384,478721,108936,796070,302723,36171,8365,240398,401876,27045,418732,3287,162815,771,362553,6648,76445,171821,5128,21247,270546,105414,375960,163076,203321,177395,124932,90576,60298,6067,825665,441551,1267216,904739,337844,139635,1509,50987,20729,36691,7592,104094,9485,107624,126368,14682,162116,178605,59201,49148,12503,1865,26277,91053,11335,34165,14911,15559,8307,41091,97755,107429,2314,171473,6299,56430,880,2672,1486,4158,556,396,952,141,153,294,172,6456,61.61375631730521,48.69060860088234,0.0,0.0,65.60892659039209,72.17380918611855,49.06389022736695,35.44023349730896,34.59649193807738,7.872651180471292,57.53085688145133,21.87736453794715,2.614027188889138,0.6045267599750529,17.37322463173733,29.04301209703937,1.954504031503324,0.2375468571473997,0.05571908331629,11.76641057087128,26.20119431072748,0.4804415899957145,20.3332801361847,45.70193637621023,1.363974890945845,5.651399085009044,71.96137887009256,28.03862112990744,11.78527267300558,14.69372209980726,12.82008662113264,9.028659554955567,6.545799857919951,4.357651473159084,0.4384535388844765,59.66964581886456,31.91026842722589,91.57991424609045,65.384212348245,24.41550970675574,10.09122464185493,0.1090533031443341,13.56181508671135,5.513618470050005,9.75928290243643,2.019363762102351,27.68751994893074,28.62644962230024,33.61208639216938,3.905202681136291,2.522874773912118,47.50638365783594,15.74662198106181,13.07266730503245,3.325619746781573,0.4960634110011703,6.989307373124801,24.21879987232684,3.014948398765826,9.087402915203745,3.966113416320885,4.138472177891265,2.20954356846473,10.92962017235876,26.00143632301309,28.57458240238323,0.6154910096818811,45.6093733375891,1.675444196191084,15.00957548675391,0.2340674539844664,0.7107139057346527,0.3952548143419513,1.105968720076604,0.1478880731992765,0.1053303542930099,0.2532184274922864,0.03750398978614747,0.04069581870411746,0.07819980849026492,0.04574954782423662,1.717203957867858
ASSAM,8451,31205576,15939443,15266133,19177977,10568639,8609338,2231321,1145314,1086007,3884371,1957005,1927366,11969690,8541560,3428130,8687123,3282567,19235886,4061627,1845346,491321,5571396,19180759,10679345,1165867,20672,54993,25949,27118,50873,1206621,2358900,100173,593484,7588998,1485505,9074503,3743725,6286859,6391073,2720548,1749752,1017971,157418,22067346,9491628,31558974,19042032,8016988,4127732,18824,3504408,239904,646410,137261,2766506,164319,1751229,3047557,143790,4131931,5598028,435455,2207938,111914,54381,536172,2116562,1095715,3782347,80246,216639,125458,716924,1699916,3489690,294581,666146,588580,1177689,1510,4311,2095,6406,834,590,1424,195,207,402,202,9944,66.30494553667904,56.39501503098394,7.185407921719723,7.113831642892146,12.27775023255204,12.62510944978666,53.58756890061967,22.45578497187205,27.8383677327411,10.51916811277574,61.64246415448316,13.01570911557601,5.913513661789162,1.574465409643456,17.85384765850821,61.46580662379056,34.2225536872,0.06624457116253839,0.08315501050196926,0.1762281202564567,0.08690113587392202,0.1630253516230561,13.29682738547775,25.99481205747576,1.10389516649011,6.540126770579061,83.62990237592075,16.37009762407925,11.99697451506744,20.14658854558557,20.48054809178975,8.718147038849724,5.607177383939332,3.262144560318323,0.5044547166826852,70.71603485223282,30.41644865007459,101.1324835023074,61.02124825383771,25.6908829370751,13.22754625647673,0.06032255261046936,38.61818107283671,2.643715033208981,7.123365323698719,1.512600745186816,30.48658422395144,19.29834614633991,33.58373455824523,1.584549589106974,1.810776854666311,61.68963743799522,4.798665006777782,24.33122783694049,1.233279662809082,0.5992724890828731,5.9085549919373,23.32427461867609,12.07465576902669,41.68103751797757,0.8843018730612575,2.387337356106444,1.382533015857728,7.900421653946227,18.73288267137054,38.4559903721449,3.246249408920797,7.340853818660922,6.486085243456308,12.97800000727312,0.01664002976251151,0.04750673397760737,0.02308666380957723,0.0705933977871846,0.009190585974791126,0.006501733483365426,0.01569231945815655,0.002148878015688573,0.002281116662807869,0.004429994678496443,0.002226017226508162,0.1095817589128573
BIHAR,8417,104099452,54278157,49821295,52504553,31608023,20896530,16567325,8606253,7961072,1336573,682516,654057,34724987,25222189,9502798,21359611,13365376,69374465,7196226,18345649,1411208,7771904,86078686,17557809,129247,23779,25453,18914,13437,252127,1528380,3098435,165521,1334565,20713342,2701332,23414674,21533037,16822947,10287996,7565444,4600511,3346072,368472,64524479,46443380,110967859,66930323,22949064,13816563,403502,9230677,323190,1534633,425705,9773448,180385,2751541,10510770,311617,4367236,18332993,396421,473855,87842,39246,438088,14358546,696238,16969091,6418,29001,256850,315111,7182893,9490650,22842,834514,567104,2267086,23749,37239,18132,55371,6168,564,6732,788,1273,2061,1576,89490,58.23341238354869,41.94296836322701,15.85583128771303,15.97925545692861,1.257441368173205,1.312806100283022,46.46839611742897,19.07376755260978,20.5184663219937,12.8390454927659,66.6424881852404,6.912837543083319,17.62319459664399,1.355634417748904,7.465845257283391,82.68889446219178,16.86637985375754,0.0228425794210713,0.01816916384920067,0.02445065705052895,0.01290784892892616,0.242198201004939,6.527445139744419,13.23287695570735,0.706911400944553,5.699694986144159,88.46308088679774,11.53691911320226,20.68506278015758,16.16045682930204,9.882853177747757,7.267515682983615,4.419342188275881,3.21430318384385,0.3539615174919461,61.98349535980267,44.6144327445643,106.597928104367,64.2945968630075,22.04532642496523,13.27246468117815,0.3876120308491153,39.42261592025582,1.380288275634331,6.554150615122807,1.818112009588517,41.74069645385624,11.75135301905122,44.88967046904006,1.330862005595295,0.7703929595603167,78.29702433610649,1.693045139129419,2.023752284571632,0.3751579031166524,0.1676128397089791,1.870997648739419,61.32285249839481,2.973511397169143,72.47203612572184,0.02741016167895398,0.1238582266829767,1.096961674546483,1.345784271863021,30.6768866395492,40.53291538460027,0.09755420895460684,3.564064141999158,2.422002544216503,9.68232997820085,0.1014278481946834,0.1590412917984679,0.07743861819301862,0.2364799099914865,0.02634245516294611,0.002408745900113749,0.02875120106305986,0.003365410938456798,0.005436761579512062,0.00880217251796886,0.006730821876913597,0.3821962244701763
CHANDIGARH,55,1055450,580663,474787,805438,465346,340092,199086,106356,92730,0,0,0,404136,328159,75977,385929,18207,651314,2578,1687,4799,395072,852574,51447,8720,138329,1160,1960,246,1014,168344,231204,44283,78113,8911,289456,298367,80406,118667,114209,124707,98786,174528,20188,731491,184265,915756,602411,303748,148945,346,135055,60494,109701,14027,148411,67323,193932,209783,47345,206017,112043,110377,1178,196,164,542,7578,45,6167,36,12,1120,1372,27384,202495,204,227354,2001,5182,893,3631,7152,10783,4285,2444,6729,3382,4461,7843,7897,34145,80.14046012919714,71.63043638515798,18.31630394910645,19.53086331344371,0.0,0.0,56.51453597008936,16.00233367804931,36.56535127196931,1.725046188829409,61.70960253920129,0.2442560045478232,0.1598370363352125,0.45468757402056,37.43161684589511,80.7782462456772,4.87441375716519,13.10616324790374,0.1857027808043962,0.1099057274148467,0.02330759391728647,0.09607276517125397,56.42178927294238,77.48980282672011,14.84178880372159,26.18017408091378,2.986590340084527,97.01340965991547,7.618172343550144,11.24326116822209,10.82088208820882,11.81552892131318,9.359609645175043,16.53588516746412,1.912738642285281,69.30607797621867,17.45843005353167,86.76450802975035,57.07622341181487,28.7790042162111,14.11199014638306,0.03278222559098015,45.26472431602691,20.27503041556204,36.76713577573928,4.701257176564432,49.74109067021487,64.99780471700959,70.31038955380454,15.86804170702524,22.56382240663344,37.55207512895193,36.99370238665804,0.3948157805655451,0.06569091085810429,0.05496586418739337,0.1816554779851659,2.539825114707726,0.01508209688068721,2.066917588071067,0.01206567750454977,0.004021892501516589,0.3753766334748816,0.4598363760067299,9.177958688460855,67.86776017455013,0.06837217252578201,76.1994456491502,0.6706505746278911,1.736787245238247,0.2992958336545261,1.216957639417228,2.397047930903887,3.614005570321114,1.436150780749882,0.8191254394755453,2.255276220225427,1.133503370010759,1.495138537438792,2.628641907449551,2.646740423706375,11.44395995535699
CHHATTISGARH,7353,25545198,12832895,12712303,15379922,8807893,6572029,3274269,1641738,1632531,7822902,3873191,3949711,12180225,7133866,5046359,8241714,3938511,13364973,4004796,5091882,187631,2895916,23819789,514998,490542,70036,70467,61510,494594,23262,628600,4231941,67820,260971,5164079,1635610,6799689,3889201,4058000,3421010,1853321,1562183,1072482,151480,16007677,8967044,24974721,15230475,6505399,3786209,23115,3428564,126332,878000,86376,1528665,146190,1760851,1726254,111213,1382706,5072438,366686,194474,9101,4881,105262,4159905,593631,3690341,39502,49823,28638,131447,3065075,1068490,13484,1161217,404092,1489285,5857,11041,8485,19526,1643,749,2392,613,956,1569,1263,30603,68.63527676334918,51.69817774167277,12.79320059892955,12.84213411212744,30.18173997371599,31.06998786923188,55.5904649730244,39.69665449289558,32.26326137695234,15.41781355540873,52.31892506763893,15.67729480898915,19.93283434326874,0.7345059529387872,11.33643982716439,93.24566206141756,2.016026652054136,0.2741650309384958,0.2407888950400776,0.2758522364947025,1.936152540293483,0.09106212447443156,9.244540448835235,62.23727291056989,0.99739855749285,3.837984354872701,75.94581163932645,24.05418836067355,15.22478314711046,15.88556878674419,13.3919885843124,7.25506609892004,6.115368532277573,4.198370276871606,0.5929881616106479,62.66413358784693,35.10265999895557,97.7667935868025,59.62167527532964,25.46623048292677,14.8216075678881,0.0904866738554933,50.42236490521847,1.85790850140352,12.91235525624775,1.270293391359517,22.48139584030976,25.89605201061401,25.387249328609,1.635560096939727,2.149951269830135,74.59808823609433,5.392687812633783,2.860042569593992,0.1338443567051375,0.07178269476736363,1.548041388363497,61.17787151735911,8.730266928384518,54.27220274339017,0.5809383340914562,0.7327246878496942,0.4211663209890923,1.933132530031888,45.07669394879677,15.71380691087489,0.1983031871016454,17.07750163279526,5.942801207525815,21.90225170592361,0.08613629240984404,0.1623750733305597,0.1247851188488179,0.2871601921793776,0.02416286980183947,0.01101520966620679,0.03517807946804626,0.009015118191434931,0.01405946654324926,0.02307458473468419,0.0185743789164475,0.4500647014885534
DADRA AND NAGAR HAVELI,496,343709,193760,149949,223230,142521,80709,6186,3339,2847,178564,88844,89720,157161,119293,37868,130299,26862,186548,28164,17799,2195,109003,322857,12922,5113,217,634,1186,293,487,29101,69558,2013,6017,48221,60562,108783,24701,69140,32004,37809,22700,19655,3566,209575,91055,300630,225103,87888,30346,372,17822,4136,18647,1706,41837,3669,34467,45973,2430,39999,40607,31255,539,251,55,433,29222,4170,32907,442,188,270,929,26605,38461,29,34001,15041,7997,431,1782,1667,3449,407,564,971,729,978,1707,235,6793,73.55542939719241,53.82430026208911,1.723265895953757,1.898645539483425,45.85260115606937,59.83367678343971,61.5674029727498,25.25391966601978,37.90968522791082,7.815332155980786,54.27498261610839,8.19414097390525,5.178508563930534,0.6386216246883265,31.71374622136749,93.93324003735718,3.759575687572918,0.06313480298741087,0.3450593379864944,0.1844583644885645,0.0852465312226331,0.1416896269809635,26.75142255683333,63.94197622790325,1.850472959929401,5.531195131592252,44.32769826167691,55.67230173832309,7.186602620239796,20.11585381820086,9.311365137369112,11.0002938532305,6.6044240913098,5.718500242938067,1.037505564300033,60.97454532758816,26.49188703234422,87.46643235993238,65.49232053859515,25.5704680412791,8.828980329290184,0.1082310908355615,16.38307456128256,3.80206466083855,17.14146511863067,1.568259746467739,38.45913423972496,31.6841785940818,42.26119890056351,2.233804914370812,3.372769642315435,37.32844286331504,28.73151135747313,0.4954818308007685,0.2307345816901538,0.05055937048987433,0.3980401349475561,26.86265317191105,3.833319544414108,30.25013099473263,0.4063134864822629,0.1728211209472068,0.2482005460412013,0.8539937306380592,24.45694639787467,35.35570815292831,0.02665857716738828,31.25580283684031,13.82660893705818,7.351332469227728,0.396201612384288,1.638123603871928,1.53240855648401,3.170532160355938,0.3741393416250701,0.5184633628416204,0.8926027044666905,0.6701414743112435,0.8990375334381292,1.569179007749373,0.2160264011840085,6.244541886140298
DAMAN AND DIU,989,243247,150301,92946,188406,124643,63763,6124,3151,2973,15363,7771,7592,121271,107434,13837,116435,4836,121976,2316,772,684,117499,220150,19277,2820,172,217,287,79,245,32021,59824,1684,5598,19794,70135,89929,10829,35762,38951,36042,18537,11034,2630,153785,31376,185161,153064,66800,23027,356,18381,3561,18987,2494,45871,3652,36838,52172,3807,47233,23100,35416,594,59,29,217,6319,144,14208,12,2,304,330,13363,46134,12,45404,10910,884,1786,7262,14304,21566,8570,4888,13458,6764,8922,15686,15794,68290,82.92892262859196,68.60219912637446,2.096459770726742,3.198631463430379,5.170291614826248,8.16818367654337,71.4792316751053,14.88713876874745,47.86698294326343,1.988102628192742,50.14491442854383,0.9521186283900727,0.3173728761300242,0.2811956570892961,48.30439840984678,90.50471331609434,7.924866493728596,0.07071001903415047,0.1179870666441929,0.08920973331634101,0.03247727618429004,0.1007206666474818,35.60697883886177,66.52359083276808,1.872588375273827,6.224910762935205,22.010697327892,77.989302672108,4.451853465818695,14.70192849243773,16.0129415779023,14.81703782574914,7.620648969977019,4.536129941993118,1.08120552360358,63.22174579748157,12.89882300706689,76.12056880454845,62.92533926420469,27.46179809000728,9.466509350577807,0.1463532952102184,20.43945779448231,3.959790501395545,21.11332273237776,2.773298935827153,51.00801743597727,40.96342670328815,58.01465600640505,4.23333963460063,4.060981440914499,25.68693080096521,39.38217927476121,0.6605210777391053,0.06560731243536568,0.03224766204450177,0.2413014711605822,7.026654360662301,0.1601263218761467,15.79913042511314,0.01334386015634556,0.00222397669272426,0.3380444572940876,0.366956154299503,14.85950027243715,51.3004703710705,0.01334386015634556,50.48871887822616,12.13179285881084,0.9829976981841231,1.986011186602765,8.075259371281788,15.90588130636391,23.9811406776457,9.529740128323455,5.435399037018092,14.96513916534155,7.521489174793448,9.921160026242926,17.44264920103637,17.56274394244349,75.93768417306987
GOA,1171,1458545,739140,719405,1165487,615823,549664,25449,12627,12822,149275,72948,76327,577248,419536,157712,476053,101195,881297,31354,26760,14708,504426,963877,121564,366130,1473,1095,1109,258,3039,234803,312761,41064,100565,204479,372103,576582,70842,174560,268661,262876,152299,144241,26180,1099659,188115,1287774,695406,455405,305640,2094,79512,79373,183814,39008,173533,71765,261842,287680,75139,257338,254532,56191,14177,3818,667,10479,53003,22965,1106,3971,1075,4035,10206,49955,257344,1125,275694,855,15514,209,738,851,1589,273,325,598,315,368,683,645,3724,83.31615120274914,76.40536276506279,1.708336715642504,1.782306211383018,9.869307573666694,10.60973999346682,56.76001839976188,21.92256100527519,32.63889698295219,6.938078701719864,60.42302431532794,2.149676561230541,1.834705134226232,1.008402209050801,34.58419178016448,66.08483111594089,8.33460743412099,0.100991056155278,0.07603467839525006,0.07507481771217206,0.01768886115958027,0.2083583297052885,40.72326225931437,54.24397570510352,7.121970508964901,17.44157812765574,35.46399297931604,64.53600702068397,4.8570321793294,11.96809148843539,18.41979506974416,18.02316692320086,10.44184444086401,9.88937605627526,1.794939477355858,75.39424563520495,12.89744231408699,88.29168794929193,47.67806272689564,31.22323959836686,20.95512994113997,0.1435677335975236,13.79023278562286,13.76612519988484,31.87994075430728,6.765386363084522,30.09684658903677,45.41279471089975,49.89403068427388,13.03179773215258,12.44662511143255,44.14497851129588,9.745534893562407,2.45880030940959,0.6621781463868106,0.1156817243687802,1.817434467257042,9.19262134440548,3.982954722832138,0.19182007069246,0.6887138342854963,0.1864435587652754,0.6998137298771033,1.770086475124093,8.663988816855191,44.63268017385212,0.1951153521962184,47.81522836300821,0.148287667669126,2.690684065753007,0.03624809654134191,0.1279956710407193,0.1475939241946506,0.2755895952353698,0.047347992132949,0.05636665730112976,0.1037146494340788,0.05463229861494115,0.06382439965174078,0.1184566982666819,0.1118661352591652,0.6458751747366377
GUJARAT,12493,60439692,31491260,28948432,41093358,23474873,17618485,4074447,2110331,1964116,8917174,4501389,4415785,24767747,18000914,6766833,20365374,4402373,35671945,5447500,6839415,343999,12136833,53533988,5846761,316178,58246,30483,579654,16480,57902,4667397,11013214,381622,1077510,9293240,8230790,17524030,6667022,14528220,5920431,7345431,3491202,3384559,620698,41957563,14190067,56147630,34370917,16291242,9538689,238844,4241134,743279,4158404,402969,7136827,766063,6550293,8399799,860003,6985686,10222752,1649636,544037,32690,25234,100175,4922415,583756,2585438,11356,41685,243633,323729,2867196,7801134,27055,8408796,1169970,1513388,8249,29274,36299,65573,10745,11626,22371,8419,13429,21848,12669,130705,74.54408937590938,60.86162110611034,6.701322843226978,6.784878711220006,14.29408985223202,15.25396954142456,57.16161881106059,23.37547332442738,33.69536363620119,7.283910381277257,59.02072598252155,9.013116744539333,11.31609836794006,0.5691607429104701,20.08089816208858,88.5742237071625,9.673710779333554,0.09637044477327912,0.9590618032931075,0.0504353993067999,0.02726684973841362,0.0958012823758268,26.63426734603856,62.84635440592147,2.177706840264483,6.1487568784121,53.03140887113295,46.96859112886705,11.03086693426565,24.03754804044997,9.795600877648416,12.1533230182576,5.776339826483563,5.599894519647783,1.026970819110064,69.42054403586305,23.47805974921249,92.89860378507554,56.86812070451981,26.9545417273139,15.78216017381425,0.3951773943520427,24.20181887385493,4.241484407410852,23.72972427004519,2.299522427204244,40.72594602953772,37.37891911849044,47.93303252733532,4.907564070593351,4.371500162919146,58.33562257083559,9.413565258676229,3.104519907806595,0.1865438486466869,0.1439965578693942,0.5716436230707206,28.08951479768067,3.331174393104783,14.75367252852226,0.06480244555618771,0.2378733658867281,1.390279519037573,1.847343333696644,16.3615104516484,44.51678067202579,0.1543880032161552,47.98437345747525,6.676375240170213,8.636072866800616,0.04707250558233465,0.1670506156403521,0.2071384264920798,0.3741890421324319,0.06131580464082748,0.06634318704088044,0.1276589916817079,0.04804260207269675,0.07663191628866191,0.1246745183613587,0.07229501433174904,0.7458615398398656
HARYANA,1659,25351462,13494734,11856728,16598988,9794067,6804921,5113615,2709656,2403959,0,0,0,8916508,6806636,2109872,7015283,1901225,16434954,2480801,1528133,262280,4645294,22171128,1781342,50353,1243752,7514,52613,2548,42212,2075925,4270297,248076,622942,4444365,2643643,7088008,2534054,3514393,3001803,3217040,2137786,1866017,322513,16593606,7034207,23627813,15006789,6403218,3909921,31534,2112462,495654,1572760,210845,3157367,418399,3203191,3743361,375149,3237942,4168621,450538,820477,38527,32432,144453,1407940,108217,1178294,1421,14418,91628,151256,1009796,3138890,43789,3245527,610452,569268,2227,10973,11667,22640,8286,5636,13922,4958,7820,12778,4461,56038,72.57695483290001,57.39290806030129,20.07935836304739,20.27506239495415,0.0,0.0,50.43920095053375,17.79472380575822,27.67210427548518,7.499468866923729,64.8284268575911,9.785632875926446,6.02779042881235,1.034575441842368,18.32357439582774,87.45502724852713,7.026584896760589,4.90603658282114,0.2075343820407675,0.02963931626507379,0.0100507024013053,0.1665071623877155,29.2878478692462,60.24678583884216,3.499939616320975,8.788675182082187,62.70259570813126,37.29740429186874,9.99569176720459,13.86268373792407,11.84074906606964,12.68976124532779,8.432594538334712,7.360589302502555,1.27216726199065,65.454236919354,27.74675085799785,93.20098777735186,59.19496477165696,25.25778592177445,15.42286200298823,0.1243873035803616,29.80332414974701,6.992853281203971,22.1890268746875,2.9746721504829,44.54519520858329,45.19169560756703,52.8125955839779,5.29272822491171,5.902913766463017,58.81230664525209,6.356341584264577,11.57556537746571,0.5435518695802827,0.457561560314266,2.037991492108925,19.86369089876874,1.526761820810586,16.62376791899784,0.0200479457698129,0.2034139916320636,1.29271863124308,2.133970503419297,14.24654148245882,44.28451548023084,0.61778993477434,45.78898612981249,8.612462062683903,8.031424343764849,0.03141926476380952,0.1548107733512716,0.1646019586885342,0.3194127320398058,0.1169016739258759,0.07951458294065131,0.1964162568665272,0.06994913098292214,0.1103271892469647,0.1802763202298869,0.06293728788116493,0.7906029451434028
HIMACHAL PRADESH,342,6864602,3481873,3382729,5039736,2752590,2287146,1729252,876300,852952,392126,196118,196008,3559422,2043373,1516049,2062501,1496921,3305180,2062062,175038,58719,1263603,6532765,149881,12646,79896,78659,1805,856,8094,569556,1428783,41193,123338,2612611,321052,2933663,648716,1117178,982486,1166943,776104,425328,65479,5182234,1379928,6562162,3648872,1905011,1300556,10163,139577,122529,229087,109706,907586,61108,1098553,1215027,197735,1020523,1287937,152194,119972,3940,3069,25111,437990,19644,62688,10276,4941,27653,49941,516385,820157,7071,1321458,9591,140039,1922,4634,3682,8316,1322,758,2080,920,1358,2278,1564,16154,79.05486501087202,67.6124513669289,25.16748887739444,25.21490784511559,5.632543174320258,5.794374896718005,58.68602904241481,44.81733535261028,30.04545638625517,21.80637712135387,48.14816649239096,30.03906125948744,2.549863779429601,0.855388265772728,18.40752020291927,95.16596883548384,2.183389510418812,1.163883936752633,0.02629431393109171,1.145863955404844,0.01246976882272272,0.1179092393120533,19.41449989313701,48.70303780631927,1.404149010980471,4.204232047102888,89.05627537996014,10.94372462003986,9.450161859347418,16.2744759273735,14.31235197612331,16.99942691506368,11.30588488597008,6.195960086251176,0.9538644775035756,75.49212612763274,20.10208312149779,95.59420924913053,53.15489521460967,27.75122286769138,18.945832547903,0.1480493697959474,4.757772109475424,4.176655600864857,7.808906476306242,3.739556997514711,30.93695492631567,37.44646198285216,41.41672032540888,6.740208401578504,2.082993172699114,43.90200919464846,5.187848774722932,4.089494941988906,0.1343030879824983,0.1046132428980425,0.8559606198803339,14.92979936686661,0.6696065635350754,2.136850756204785,0.3502788152558763,0.1684242532288133,0.942609972583763,1.702342770795419,17.60205585985848,27.95675576915276,0.2410297297269659,45.04464214192291,0.3269291667106958,4.773520339589107,0.06551536423917811,0.1579595202311922,0.1255086218151165,0.2834681420463087,0.04506311733829005,0.02583800525145526,0.07090112258974532,0.03136011191469504,0.04629025215234334,0.07765036406703837,0.05331219025498157,0.5506426607282432
JAMMU AND KASHMIR,253,12541302,6640662,5900640,7067233,4264671,2802562,924991,486232,438759,1493299,776257,717042,4322713,3195090,1127623,2644149,1678564,8218589,1245316,547705,172586,2357106,3566674,8567485,35631,234848,112584,2490,1508,20082,635867,1715557,57977,168360,2663460,940172,3603632,1105608,1526226,1771552,1457576,863950,615858,133919,7474689,4121757,11596446,7725207,3069723,1731253,15119,208108,150465,260306,72820,1194854,76556,1028155,1400207,132533,1031297,1949265,44083,110275,256031,64479,107171,928610,93703,258427,125070,135385,63256,337048,578386,970643,13337,1288451,29439,466059,3325,6865,3080,9945,1527,1970,3497,1677,1048,2725,1193,20686,64.2205701780937,47.4958987499661,7.322041085662844,7.435786626535426,11.68945204559425,12.15193606117302,48.11402839054299,19.11018126847257,21.08352864798248,13.38428817039889,65.53218318161862,9.929718620921497,4.367210039276624,1.376141009920661,18.7947471482626,28.4394235941372,68.31415908810744,1.872596641082401,0.01985439789265899,0.8977058362839839,0.01202426988840553,0.1601269150523606,17.64517020605878,47.60633161210689,1.60884907226931,4.671953185008902,73.91043258579121,26.08956741420878,8.815735399721655,12.16959770205677,14.12574228736379,11.62220637059852,6.888838176450898,4.910638464810113,1.067823739512851,59.6005821405146,32.86546325094476,92.46604539145935,61.59812593620663,24.47690837841239,13.80441201399982,0.1205536713811692,5.774951493382232,4.175370848077717,7.223434579335515,2.020739076576076,33.15693722333468,28.53107642511777,38.85543806914801,3.677761769237258,2.124412259631394,54.09167750758124,1.22329361044635,3.060107136355766,7.104804264142399,1.789278150488174,2.973971815102097,25.7687244424514,2.600237760126451,7.171292740213207,3.470665151158609,3.756904145595333,1.755340167919477,9.35300829829461,16.05008502533,26.93513100116771,0.3700988336211911,35.75423350663996,0.8169258126245965,12.93303533768154,0.09226802292797932,0.1905022488422791,0.08546932650170716,0.2759715753439863,0.04237391609354118,0.05466706922349452,0.0970409853170357,0.04653638329329965,0.02908177083564581,0.07561815412894546,0.03310548912874567,0.5740319766280242
JHARKHAND,8580,32988134,16930315,16057819,18328069,10882519,7445550,3985644,2043458,1942186,8645042,4315407,4329635,13098274,8424769,4673505,6818595,6279679,19889860,3814832,4436052,455162,4392228,22376051,4793994,1418608,71422,8956,14974,4235786,68343,720832,2829867,91074,426421,5746528,2049505,7796033,4779714,5937774,4514320,2790642,1636646,1154047,151720,20964863,11657684,32622547,20576647,7766660,4528093,116734,3636649,171952,992375,122465,2725805,176727,1657422,2968491,120221,1361867,5519412,473942,85875,17139,9317,59926,4759333,2139230,2921319,50434,99758,46150,207421,2778252,1433182,11079,795637,214535,1970173,8113,14742,8260,23002,3288,507,3795,708,1151,1859,1634,38409,64.27830196898286,46.36713117765246,12.06981677541144,12.09495511189907,25.48923041301949,26.96278367566604,49.76144271385382,29.10423264828182,20.66984146481277,19.03617525016723,60.29398328502,11.5642551955197,13.44741718340298,1.379774921491467,13.31456941456585,67.8306053928361,14.53248007298625,0.2165081541138399,0.0453920794671199,0.02714915611777253,12.84033222370201,0.2071744949259634,9.246138388588145,36.29880735497143,1.168209523997654,5.469717739778679,73.71092451763609,26.28907548236392,14.48919178029288,17.99972681085871,13.68467825430805,8.459532751988942,4.961317302761048,3.498370050273229,0.4599229529017919,63.55273990338466,35.33902220719729,98.89176211058195,62.37590462073423,23.54379911273551,13.72642963072722,0.3538666358030436,46.64742953243015,2.205634583640167,12.72923036626448,1.570863027388417,34.96400028065556,21.25981252259963,38.07694246548212,1.542079157438148,2.266883683021865,70.79769929142168,6.079271342232646,1.101521761131591,0.219842578911608,0.1195094992543002,0.7686729904811845,61.04813820054379,27.43998133409646,37.47186549877355,0.646918759835932,1.279599509134967,0.5919677353854198,2.660596741958378,35.6367398650057,18.38347785341596,0.1421107376020599,10.20566485544635,2.751848279759719,25.2714810211809,0.1040657472845484,0.1890961723738214,0.1059513216529484,0.2950474940267698,0.04217529607686371,0.006503307515501794,0.0486786035923655,0.009081541855967002,0.01476391903420624,0.02384546089017325,0.02095937767323458,0.4926736456862099
KARNATAKA,17085,61095297,30966657,30128640,40647322,22508471,18138851,10474992,5264545,5210447,4248987,2134754,2114233,27872597,18270116,9602481,23397181,4475416,33222700,6580649,7155963,913227,13222758,51317472,7893065,1142647,28773,95710,440280,11263,166087,4282430,11945467,638468,1692253,10620687,7378379,17999066,6004302,12425200,7721533,8431196,4702161,4355748,791768,44431908,15548499,59980407,33676315,16740325,10632806,45851,4465369,833478,3374302,920192,7450784,917186,7911490,9433399,1062423,6749396,9786047,3033730,1789119,98537,61802,155429,5926298,1051685,2831342,42476,107435,183932,458615,4919991,5859220,124772,8706964,2101712,2400700,11566,25778,25473,51251,10663,4970,15633,6956,10222,17178,7569,103198,72.68615078469723,60.20467900310137,17.00068883767466,17.29399999468944,6.893717975434028,7.017352923995242,58.9993165875154,31.87160455964823,38.29620633483458,7.325303615432134,54.37849004973329,10.77112203906628,11.71278862921315,1.494758262653179,21.64284101933411,83.99578121373239,12.91926774658285,0.04709527805389014,0.7206446676247437,0.1566569027399932,0.01843513421335852,0.2718490753879141,23.79251234480722,66.36714927319007,3.547228506190266,9.401893409358019,59.00687846802718,40.99312153197283,9.82776464774367,20.33740829510985,12.63850636490072,13.80007367833894,7.696436928688636,7.129432564997597,1.295955726346661,72.72557820612607,25.44958411446957,98.17516232059565,55.12096127464606,27.40034965375485,17.40364074177428,0.07504832982479813,24.8088928614407,4.630673613841962,18.74709498815105,5.112443056767501,41.39539240536148,43.95500299848892,52.41049174440496,5.90265628227598,5.095742190178091,54.36974896364067,16.85493013915278,9.940065778968753,0.5474561846709157,0.3433622611306609,0.8635392525367704,32.9255862498643,5.842997631099302,15.73049401563392,0.2359900230378621,0.5968920831780938,1.021897469568699,2.547993323653572,27.33470170063269,32.55291135662262,0.6932137478689172,48.37453232295498,11.67678367310837,13.33791431177596,0.06425888987795256,0.1432185425621529,0.1415240101903065,0.2847425527524595,0.05924196288851877,0.02761254389533323,0.08685450678385201,0.03864644976578229,0.05679183575414413,0.09543828551992642,0.04205218204100146,0.573351972819034
KERALA,8323,33406061,16027412,17378649,28135824,13704903,14430921,3039573,1477808,1561765,484839,238203,246636,11619063,8451569,3167494,9329747,2289316,21786998,670253,1322850,273022,9352938,18282492,8873472,6141269,3814,4752,4489,7618,88155,2765913,7284706,483609,1214644,5857785,5360068,11217853,2505698,5405604,6417918,7583656,3808994,2992499,683541,29397910,3633601,33031511,15711427,9796202,7863946,34486,1577993,788957,1857699,893306,3608956,665427,5929498,6919494,2417232,7345977,6996527,563891,2183566,16776,12052,342003,289724,3657463,323796,108527,15215,162466,342001,1086145,5999089,55793,2263713,285394,631136,8054,15744,14093,29837,4013,4103,8116,2070,2348,4418,1542,51966,85.50914520697415,83.03822121040594,9.220502973281027,8.986688205740274,1.486222479337276,1.419189719523077,52.73196321402357,18.22635349847966,27.92830618371918,6.852995927894642,65.21869788838617,2.006381416833311,3.959910149239085,0.8172828278078041,27.99772771773362,54.72806865796001,26.56246122522496,0.01141708985085072,0.01343768126388801,0.01422496354778254,0.02280424501410088,0.2638892385426704,24.65634912491722,64.93850472100142,4.311065584475033,10.82777604591538,52.21841470021046,47.78158529978954,7.500728685132916,16.18150670322969,19.21183703759626,22.70143732300555,11.40210454623788,8.957952270996572,2.046158629716925,88.0017251959158,10.87707108000551,98.8787962759213,47.03166590038855,29.32462465419075,23.54047668176143,0.1032327636592653,14.06680048312275,7.033048124271195,16.5602009582404,7.963252861309557,32.17153942024378,52.85769032630397,61.68287282780403,21.5480805462507,5.931857013993675,62.36957285854967,5.026728376633211,19.46509728733297,0.1495473331661593,0.1074358881329609,3.048738470721626,2.582704551396778,32.60394836694687,2.886434685852988,0.9674489405414743,0.1356320144327083,1.448280700415668,3.048720641998072,9.68228947196937,53.47804967670729,0.4973589866082218,20.17955664065129,2.544105364903605,5.626174634308366,0.07179626974965708,0.1403477118125901,0.1256301005192348,0.265977812331825,0.03577333380995455,0.03657562636985883,0.07234896017981336,0.01845272887779863,0.02093092145172521,0.03938365032952384,0.01374594585969347,0.4632437240887361
LAKSHADWEEP,587,64473,33123,31350,52553,28023,24530,0,0,0,61120,30515,30605,18753,15318,3435,10804,7949,45720,0,0,264,18489,1788,62268,317,8,10,11,7,64,1779,10669,327,1501,5289,15953,21242,5641,13391,13836,13997,6642,3491,1059,58057,5953,64010,33877,19244,11237,115,9027,245,4109,870,4977,842,6855,10023,4176,10467,8934,1582,43,0,0,45,195,6942,271,0,1,547,586,1534,8956,38,2168,5,213,104,369,426,795,136,162,298,158,184,342,322,1861,84.60284394529481,78.24561403508771,0.0,0.0,92.12631706065272,97.62360446570972,46.24581106783806,10.95693779904306,16.75740232345323,12.32919206489538,70.9134056116514,0.0,0.0,0.409473733190638,28.67712065515797,2.773253920245685,96.57996370573728,0.01240829494517085,0.01706140554960991,0.01551036868146356,0.01085725807702449,0.09926635956136677,8.374917616043687,50.22596742302985,1.53940306939083,7.06618962432916,24.89878542510121,75.10121457489879,8.749398973213593,20.76993470134785,21.46014610767298,21.70986304344454,10.30198687822809,5.414669706698929,1.642548043366991,90.04854745397299,9.233322476075257,99.28186993004825,52.54447598219409,29.84815349060847,17.4290012873606,0.1783692398368309,42.49599849355052,1.153375388381508,19.34375294228415,4.095659542415969,23.42999717540721,32.27097260144996,47.18482252141983,19.65916580359665,3.963845212315224,42.05818661143019,7.447509650692025,0.2024291497975708,0.0,0.0,0.2118444590904811,0.9179926560587516,32.68053855569156,1.275774409189342,0.0,0.004707654646455136,2.575087091610959,2.75868562282271,7.221542227662178,42.1617550136522,0.1788908765652952,10.20619527351473,0.02353827323227568,1.002730439694944,0.4895960832313341,1.737124564541945,2.005460879389888,3.742585443931833,0.6402410319178985,0.7626400527257321,1.402881084643631,0.7438094341399115,0.866208454947745,1.610017889087657,1.515864796158554,8.760945297053008
MADHYA PRADESH,22125,72626809,37612306,35014503,42851169,25174328,17676841,11342320,5908638,5433682,15316784,7719404,7597380,31574133,20146970,11427163,22702119,8872014,41052676,9844439,12192267,959259,8578168,66007121,4774695,213282,151412,216052,567028,599594,97625,2717504,10044644,212473,883603,13453987,5044776,18498763,10486391,10363593,7486768,5754570,4267299,3476419,391303,42226343,26761119,68987462,44264116,17814066,10465765,82862,5947760,401774,2815403,359303,6074734,426457,4811219,6886675,452638,4313282,13602044,1002274,347169,60975,41363,187638,10476518,2833019,8179527,44947,110669,86179,299795,6821967,3577237,58000,3496868,1134605,4568393,16130,32115,24381,56496,3729,2761,6490,2408,3756,6164,3989,89277,66.93109430727273,50.48434073161056,15.70932130563864,15.51837534292576,20.52361267081045,21.69780904786796,53.56483593428172,32.63551391833264,31.25859350367438,12.21589399583837,56.52551250048725,13.55482794239246,16.78755705761491,1.320805654562078,11.81129684494331,90.88533822269405,6.574287189183818,0.2084794886141838,0.7807419984540419,0.297482435170737,0.8255821896291768,0.1344200596779627,14.69019306858518,54.29900366851557,1.148579502315912,4.776551815924124,72.72911707663913,27.27088292336087,14.43873294777415,14.26965213355305,10.30854598058962,7.923479055785034,5.875652611971428,4.786688342592609,0.538785891033709,58.1415369632996,36.84743880183418,94.98897576513377,60.94735072278888,24.52822345533589,14.41033296671481,0.1140928551604133,32.15220390682339,2.171896574922334,15.21941223853725,1.942308250557078,32.83859574826706,26.00832823254182,37.22775949937841,2.44685550055428,2.305327118359211,73.52947870081907,5.418059575118617,1.876714675462354,0.3296166343663087,0.2235987346829623,1.01432728231612,56.6336138259623,15.31464022756549,44.21661599751292,0.2429730031137758,0.598250812770562,0.4658635823379109,1.620621876176261,36.87796313731896,19.33770922953065,0.3135344779540124,18.90325315265675,6.133410109638142,24.69566748868559,0.08719501947238309,0.1736062027498812,0.131798001844772,0.3054042045946532,0.02015810462569849,0.01492532230398324,0.03508342692968174,0.01301708660195279,0.02030406033095294,0.03332114693290573,0.02156360400963027,0.4826106480741442
MAHARASHTRA,17990,112374333,58243056,54131277,81554290,45257584,36296706,13275898,6767759,6508139,10510213,5315025,5195188,49427878,32616875,16811003,43762890,5664988,62946455,12569373,13486140,1225426,22146939,89703057,12971152,1080073,223247,6531200,1400349,178965,286290,10335795,20004164,1379351,3174031,17519193,16050569,33569762,10211270,18242722,15861646,17831786,10618622,8463507,1209278,82438831,22824116,105262947,61782561,30272010,19912066,407696,7264830,1407482,5941782,1495311,12799041,1726271,13525610,16458761,2164409,12653950,19331240,3757010,2089655,209382,154331,389057,8094313,2913516,3699744,82609,86630,246243,511658,6564667,14153281,96176,16179312,1351069,3112632,15240,61796,70807,132603,29860,23999,53859,31912,40163,72075,43658,317442,77.70468637497319,67.05311238085146,11.61985559274225,12.02288096768898,9.125594302606649,9.597386738169876,56.00131112625684,31.05598820437951,38.94384850319868,5.041176084222008,56.01497541257932,11.18527039444141,12.00108569276224,1.090485671670238,19.7081828285468,79.82521862888387,11.54280666564668,0.1986636930694841,1.246146662334361,5.812003351334686,0.1592578974417583,0.254764582228933,30.78900291279992,59.5898296806513,4.108909083120697,9.455029797351557,52.18742092958538,47.81257907041462,9.08683480239211,16.23388678978855,14.11500791733287,15.86820186065087,9.449330391131221,7.531530353999965,1.076115842218169,73.36090795751376,20.31079107717596,93.67169903468971,54.9792460169708,26.93854476537805,17.71940750918628,0.362801708464868,21.64099346310528,4.192707711183654,17.6998037698331,4.454338997101022,38.12669568524198,40.29105121448284,49.02853049717778,6.44749581483479,5.142339108629963,57.58527570138865,11.19164919906194,6.224813270943059,0.6237220269836885,0.4597321839815248,1.158950724762362,24.11191655156804,8.678989145052622,11.02106115616786,0.2460815778199441,0.2580596192490134,0.7335262013475103,1.524163322933299,19.55529800896414,42.16080233157447,0.2864959245168315,48.19608789600593,4.024660645494001,9.27213007944471,0.04539799835339911,0.1840823298062107,0.210924938937607,0.3950072687438178,0.08894909651131873,0.07148993192147148,0.1604390284327902,0.09506174038409924,0.1196404073403916,0.2147021477244909,0.1300515624745865,0.9456188578280657
MANIPUR,2484,2855794,1438586,1417208,1908476,1039858,868618,97328,48863,48465,1167422,588279,579143,1304610,739408,565202,974163,330447,1551184,574031,134077,91356,524305,1181876,239836,1179043,1527,7084,1692,233767,10969,150449,346635,10886,45707,397837,212127,609964,248408,476583,593970,394644,276496,251453,20342,2261896,737422,2999318,1700955,737266,409796,7777,226207,30423,100452,15423,265308,19524,240325,291705,10974,452865,474799,24691,175563,40739,27713,80450,45230,23671,34620,28389,76001,17046,239031,234183,81420,117595,195600,1833,191549,716,1308,807,2115,262,117,379,72,49,121,36,3366,72.2833393345966,61.29079147168235,3.39659916056461,3.41975207591264,40.8928628528291,40.86506708965798,51.39824800185738,39.8813723885273,34.11180918511629,11.57110771995459,54.31708309492912,20.10057448121258,4.694911467703903,3.198970233847399,18.35934244556855,41.38519795195312,8.398224801928992,0.05347024330186281,0.05924797096709357,0.2480571077605738,8.185709473442412,0.3840963318782797,24.66522614449377,56.82876366474087,1.784695490225653,7.49339305270475,65.22302955584264,34.77697044415736,8.698386508270554,16.6882835386586,20.79876909889159,13.81906398010501,9.68193083954935,8.80501184609254,0.7123062797946911,79.20375209136233,25.82196054757451,105.0257126389369,59.56154400492473,25.81649796869102,14.34963446242971,0.2723235639545429,37.08530339495446,4.987671403558243,16.46851289584303,2.528509879271564,43.49568171236336,39.39986622161308,47.82331416280305,1.799122571168134,3.200844640011542,77.84049550465272,4.047943813077493,28.78251831255615,6.678918755861002,4.543382888170449,13.18930297525755,7.415191716232433,3.880720829425999,5.675744798053656,4.65420910086497,12.45991566715413,2.794591156199382,39.18772255411795,38.3929215494685,13.3483287538281,19.27900662989947,32.0674662766983,0.3005095382678322,31.40332872103928,0.1173839767592842,0.2144388849177984,0.1323028900066233,0.3467417749244218,0.04295335462420733,0.0191814598894361,0.06213481451364343,0.01180397531657606,0.008033260979336486,0.01983723629591255,0.00590198765828803,0.5518358460499309
MEGHALAYA,2072,2966889,1491832,1475057,1785005,913879,871126,17355,9157,8198,2555861,1269728,1286133,1185619,703709,481910,921575,264044,1781270,494675,198364,20488,472092,342078,130399,2213027,3045,9864,627,258271,9578,63768,327958,8079,40872,553593,167874,721467,487099,590822,403779,286005,135182,94205,18181,2015273,900507,2915780,2040423,632928,287754,5784,71766,28837,28858,8231,210473,13553,181191,231409,12705,338650,441123,84063,125335,7880,1792,46433,184572,99302,29283,102076,14143,14090,161080,232706,129528,30771,211347,14167,176065,503,1595,1021,2616,369,302,671,98,124,222,164,4176,61.2588414781289,59.05710762363759,0.6138090616101546,0.5557751327575816,85.1119965250779,87.19208817015208,47.17079403042702,32.67060188182558,31.06199793790735,8.899692573601506,60.03830948849115,16.67318864979445,6.685925897463639,0.6905549887441019,15.91202097550667,11.52985500974253,4.395142521341378,0.1026327577472565,0.02113324765436118,0.33246946549062,8.705111650621241,0.322829738490385,8.838657901192985,45.4571033740975,1.119801737293598,5.665123976564416,76.73157608040285,23.26842391959715,16.41783700030571,19.91385589417063,13.60950814135615,9.639895526930735,4.5563551585516,3.175211475724235,0.612796771298151,67.92545996833721,30.35189385244949,98.2773538207867,68.77314924825296,21.33305290491151,9.698846165124479,0.1949516817110448,9.947232513753228,3.99699501155285,3.999905747594831,1.140869921978414,29.17292128399497,25.11424638964776,32.07478651137197,1.760995305398584,1.878533598903346,61.14250547842105,11.65167637605046,17.37224294389071,1.092219048133872,0.2483828089157231,6.435914601776657,25.58287489240672,13.76390049718144,4.058813500825401,14.14839486767933,1.960311421035196,1.952965277691149,22.32673150677716,32.25455911358385,17.95341990693961,4.265059940371493,29.29406334593266,1.963637976511746,24.40374958244798,0.06971905852935754,0.2210773327123763,0.1415172142315588,0.3625945469439351,0.05114579045195414,0.04185915641325245,0.09300494686520659,0.01358343486257861,0.01718720329550762,0.03077063815808623,0.02273146242309073,0.5788206529196762
MIZORAM,2276,1097206,555339,541867,848175,438529,409646,1218,807,411,1036115,516294,519821,486705,290740,195965,415030,71675,610501,229603,41787,7852,207463,30136,14832,956331,286,93411,376,808,1026,116166,186155,5605,33650,123347,146084,269431,123782,220893,250675,162403,68119,52054,2565,880491,190080,1070571,680399,272113,144061,633,9425,16072,30575,3694,141254,17044,121725,160756,15808,203185,145538,70292,67604,1266,583,14706,14550,6059,3778,40707,17040,15324,77098,103156,68882,4027,129807,1961,49039,175,570,623,1193,224,119,343,92,132,224,175,2108,78.9660009471692,75.59899384904413,0.145316644427998,0.07584887066383449,92.96915937832567,95.93147395947715,52.35360743617862,36.1647784419424,37.82607823872636,6.532501645087613,55.64142011618603,20.926152427165,3.80849175086538,0.7156358969965531,18.90829980878705,2.746612760046883,1.351797201254824,0.02606620816874862,0.03426886108898421,8.513533465912507,0.073641595106115,0.09351024329068561,43.11530595959633,69.09190108042505,2.080309986601393,12.48928297040801,45.78055234921001,54.21944765078999,11.28156426414001,20.1323179056622,22.84666689755615,14.8015049133891,6.208405714150306,4.744232167888255,0.233775608226714,80.24846747101275,17.32400296753755,97.57247043855028,62.01196493639299,24.80053882315627,13.12980424824509,0.05769199220565692,3.49811268933419,5.965163622597252,11.3479889099621,1.371037482695013,52.42678088267498,45.17854292935854,59.66499771741189,5.867179352041896,6.325923891460151,54.01679836395961,26.08905434044338,25.09139631297067,0.4698791156177278,0.2163819308097435,5.458169252981283,5.400269456744027,2.248813239753406,1.402214296053535,15.10850644506386,6.324439281300222,5.68754152269041,28.61511852756365,38.28661141442522,25.56572925906818,1.494631278509154,48.17819775749636,0.7278301309055009,18.20094940819727,0.06495169449692129,0.2115569477899722,0.2312280324090398,0.442784980199012,0.08313816895605924,0.04416715225790648,0.1273053212139657,0.03414603367838148,0.04899213527767778,0.08313816895605924,0.06495169449692129,0.7823895542829147
NAGALAND,2926,1978502,1024649,953853,1342434,723957,618477,0,0,0,1710973,866027,844946,974122,547357,426765,741179,232943,1004380,537702,62962,22838,350620,173054,48963,1739651,1890,6759,2655,3214,2316,79824,326405,6935,35732,360385,174039,534424,226798,391795,406074,190484,103214,89079,7957,1415401,494894,1910295,1289918,475130,211983,1471,31453,31132,25274,5328,194245,13272,151670,212226,12653,306068,295232,85389,110689,4475,1208,40028,66116,76398,26603,22471,7950,10689,82169,169448,117149,41059,188593,17919,113368,439,1530,887,2417,392,129,521,117,125,242,146,3763,70.6541459563226,64.83986526225739,0.0,0.0,84.51938175902187,88.58241259397413,53.4189756687412,44.74117080933855,37.46162500720242,11.77370556107601,50.76466943172158,27.1772280240303,3.182306613791646,1.154307652961685,17.72148827749479,8.746718476908287,2.47475109956927,0.09552681776414682,0.1341924344782063,0.3416220959089251,0.1624461334888719,0.1170582592284466,14.93645494962801,61.07603700432615,1.297658787778992,6.686076972591051,67.43428438842567,32.56571561157433,11.46311704511797,19.80260823592799,20.52431587130061,9.627688018510975,5.216775115718862,4.502345714080653,0.4021729571160403,71.5390229577731,25.01357087331729,96.55259383109039,65.19669932100145,24.01463329326935,10.7143182064006,0.07434917932860316,5.885401853210185,5.825337185455743,4.729203778273431,0.9969612143167224,36.34660868523869,28.38008772061135,39.71116566621259,2.367595766657186,2.483421403230394,55.24302800772421,15.97776297471671,20.7118318039609,0.8373501190066314,0.2260377527955331,7.489933086837418,12.37145038396479,14.29539092555724,4.977882729817523,4.204713860155981,1.487582892983848,2.000097301019415,15.37524512372199,31.70665988054429,21.92060985285092,7.682851069562744,35.28902145113243,3.352955705582085,21.2131191712947,0.08214451446791311,0.2862895378950047,0.165973085041091,0.4522626229360956,0.07334999925153063,0.02413813750879451,0.09748813676032514,0.02189272936844154,0.02338966812867686,0.04528239749711839,0.02731913237429457,0.7041225693456881
NCT OF DELHI,846,16787941,8987326,7800615,12737767,7194856,5542911,2812309,1488800,1323509,0,0,0,5587049,4762026,825023,5307329,279720,11200892,33398,39475,181852,5332324,13712100,2158684,146093,570581,18449,166231,2197,13606,3003996,3310809,588951,972948,124422,4481133,4605555,1121440,2459701,2691147,2582915,2134748,2346885,224262,13561098,1982298,15543396,9665080,4762353,2343806,16702,1022199,692279,1298383,171323,2279781,766847,2939423,3031775,580671,2990741,2279303,941459,59339,69640,68424,31092,109349,626,457977,298,443,120728,162601,514341,2620082,41132,2716793,279589,206115,5202,15129,17127,32256,5301,5238,10539,4338,5103,9441,6921,64359,80.05558049190604,71.05735893900673,16.56555019813457,16.96672634144872,0.0,0.0,52.98601608531837,10.57638404151468,31.61393645593584,1.666195991515576,66.71986755254858,0.1989404180059961,0.235139020324172,1.08322992081042,31.76282308831083,81.67827132582846,12.85853935274135,3.398755094505038,0.9901809876505999,0.1098943580990665,0.01308677460803561,0.0810462700577754,65.22549399583764,71.8872969707234,12.78783990203135,21.12553210199422,2.701563655194651,97.29843634480535,6.680033007025697,14.65159426042777,16.03023860996414,15.38553774998375,12.71596081973364,13.97958808647231,1.335851728332855,80.77880426194017,11.80786851705042,92.58667277899059,57.57156282595942,28.36770155434785,13.96124754071985,0.09948807897287704,22.19491461941069,15.03139143925108,28.19167288198708,3.719920834731102,49.50067907125199,63.82342627544346,65.82865691539891,12.6080570094158,16.65047969245835,49.4903003003981,20.44181428731174,1.288422350835024,1.512087034027386,1.485684135788195,0.6750977895172243,2.37428496674125,0.01359228149484698,9.944013262245267,0.006470447101380833,0.009618819013126539,2.621356166629212,3.530540836012164,11.16783970661516,56.88960396738286,0.8930954032684444,58.98948118087831,6.070690720228073,4.475356390272182,0.1129505564475943,0.3284946113986262,0.3718770050515084,0.7003716164501347,0.1151001345114758,0.1137322211980966,0.2288323557095725,0.09419060243553709,0.1108009783837127,0.2049915808192498,0.150275048284083,1.397421157710634
ORISSA,11535,41974218,21212136,20762082,26742595,15089681,11652914,7188463,3617808,3570655,9590756,4727732,4863024,17541589,11902655,5638934,10707543,6834046,24432629,4103989,6739993,783080,5914527,39300341,911670,1161708,21991,13852,9420,478317,76919,949203,4155886,135393,491066,10554975,2204158,12759133,5501486,8066601,6700024,4093205,1829576,1689899,430264,28311055,13705186,42016241,23359384,11179683,7315980,119171,5894822,172660,1401091,176200,3441856,203125,2581277,3846884,228828,2129296,8728383,645697,337593,81285,30567,150103,7399391,1670951,5933204,175596,166557,75069,503516,4081087,2161677,86294,1337028,1929000,3418321,12551,15919,8744,24663,4766,3916,8682,987,1597,2584,1351,49831,71.1370179787646,56.12594151203141,17.05536868140012,17.19796213115814,22.28786389074632,23.4226220665153,56.11247731015867,27.15977135626379,25.50980937870004,16.28153263033989,58.20865799096006,9.777404310426938,16.057459367081,1.865621415507967,14.09085691602402,93.62971574598483,2.171976140210641,0.05239168481947656,0.02244234782408573,0.0330012104096853,1.139549520612868,0.1832529673334236,7.439400467100704,32.57185264860865,1.061145769073808,3.848741133116176,82.72486069390452,17.27513930609549,13.10682190672379,19.21798995754965,15.9622366282083,9.751712348756563,4.358809019384233,4.026040461313657,1.025067340146754,67.44867766208294,32.65143855687793,100.1001162189609,55.65174317243981,26.63464272282571,17.42969934544105,0.283914759293431,46.20080376934703,1.353226743541274,10.98108311904892,1.38097157541974,26.9756260084443,20.23081819117333,30.15004232654366,1.793444742679616,1.591996885681809,68.40890364572577,5.060665172155506,2.64589294586082,0.6370730675822566,0.2395695694997458,1.176435734308906,57.99289810679142,13.09611711077861,46.5016235821039,1.376237711449516,1.305394339881871,0.5883550238092197,3.946318296078582,31.98561375604439,16.94219348603075,0.6763312209379744,10.47898787480309,15.11858211682565,26.79116990159128,0.09836875279848559,0.1247655306986768,0.06853130224443933,0.1932968329431161,0.03735363523524678,0.03069174057516291,0.06804537581040969,0.007735635328826811,0.01251652443782818,0.02025215976665499,0.01058849374796861,0.390551615066635
PONDICHERRY,2542,1247953,612511,635442,957309,497378,459931,196325,95512,100813,0,0,0,444968,332931,112037,399689,45279,802985,12099,68391,7892,356586,1089409,75556,78550,297,451,1400,168,2122,212517,294205,18086,40958,122914,265085,387999,87059,177650,200672,198755,107261,161376,24537,957310,197494,1154804,627771,387613,231468,1101,155259,16879,140352,15439,188881,31804,246521,243629,39309,206221,195610,93807,2318,859,638,930,81781,5336,7646,56,13,838,917,64688,233153,10,287026,4163,3435,1937,7324,8011,15335,4775,2854,7629,1974,3417,5391,4679,34971,81.20311308694865,72.37969791106033,15.59351587155169,15.86501993887719,0.0,0.0,54.35510545933052,17.63134951734383,32.02756834592329,3.628261641263734,64.34417001281298,0.9695076657534378,5.480254464711411,0.6323956110526598,28.57367224566951,87.29567539803182,6.054394676722601,0.02379897319850988,0.1121837120468479,0.03613918152366315,0.01346204544562175,0.1700384549738652,54.77256384681404,75.8262263562535,4.661352219979949,10.55621277374426,31.67894762615368,68.32105237384633,6.976144133633237,14.23531174651609,16.08009275990362,15.92648120562233,8.594955098469253,12.93125622519438,1.966179816066791,76.7104209854057,15.82543573355727,92.53585671896298,50.30405792525841,31.05990369829633,18.54781390004271,0.08822447640255683,40.01530931780752,4.350268943992123,36.17328910641523,3.97913396684012,48.68079556906075,63.53650396006175,62.79114121428147,10.13121167838061,8.19692834259882,50.41507838937729,24.17712416784579,0.5974242201655159,0.2213923231760906,0.1644334134881791,0.2396913394106686,21.07763164338052,1.375261276446589,1.970623635627927,0.01443302688924456,0.003350524099288916,0.2159799380926239,0.2363408153113797,16.67220791806164,60.09113425550066,0.002577326230222243,73.97596385557694,1.07294090964152,0.8853115600813404,0.4992280907940484,1.887633731014771,2.064696043031039,3.952329774045809,1.230673274931121,0.7355689061054281,1.966242181036549,0.5087641978458708,0.8806723728669403,1.389436570712811,1.205930943120987,9.013167559710206
PUNJAB,890,27743338,14639465,13103873,18707137,10436056,8271081,8860179,4639875,4220304,0,0,0,9897362,8074157,1823205,8450936,1446426,17845976,1934511,1588455,385960,5988436,10678138,535489,348230,16004754,33237,45040,10886,87564,2949753,5225793,292111,690096,4668757,3178690,7847447,2422485,4060061,3439808,3946146,2426383,1574711,308408,18178002,7079622,25257624,15143130,7481850,5076836,41522,3589937,709711,2566796,361086,3368428,543122,4468245,4442740,713226,4289132,4807947,474187,1040419,41199,28274,178623,1053245,11315,2519267,1668,12114,89659,108040,538325,4648254,4599,2758111,1182986,223120,3017,11530,15827,27357,9200,6311,15511,7349,10597,17946,9560,73388,71.2871406161359,63.11936173374085,31.69429347315629,32.20653924225304,0.0,0.0,55.15336113717271,13.91348191485067,30.4611362915306,5.213597585121156,64.32526612334824,6.972884805714438,5.725536703622326,1.391180830511455,21.58513153680354,38.48901671457126,1.930153466032097,57.68863862019775,0.1623452808742769,0.1198017340234978,0.0392382488365315,0.3156217179057546,37.58869604343935,66.59226879773766,3.72236983569306,8.793891822397782,59.49396026503906,40.50603973496094,8.731771930255833,14.63436375247997,12.39868108156272,14.22376067364352,8.745822150168086,5.675996882566907,1.111647055592229,65.52204352626926,25.518277577125,91.04032110339426,54.5829416777462,26.96809590828616,18.29929765480996,0.149664759157676,45.74655935873157,9.043845724603173,32.70867582794762,4.601318110208327,42.9238706550041,56.93883628650184,56.61382612714683,9.088637361934397,6.921002461055169,61.26765813136426,6.042563906452634,13.25805704708805,0.5249987671149611,0.360295520313804,2.276192499293082,13.4214987371052,0.1441870203137403,32.103013884643,0.0212553203608766,0.154368675570539,1.14252444138839,1.376753484286036,6.859874300520922,59.23269058077104,0.05860504696622992,35.14660245555019,15.07478801704554,2.843217673212702,0.03844562441772464,0.1469267648446686,0.2016834264697806,0.3486101913144491,0.1172355799280964,0.08042105923111045,0.1976566391592068,0.0936482909664761,0.1350375478802214,0.2286858388466975,0.1218230591426741,0.9351831238872973
RAJASTHAN,3795,68548437,35550997,32997440,38275282,23688412,14586870,12221593,6355564,5866029,9238534,4742943,4495591,29886255,18297076,11589179,21057968,8828287,38662182,13618870,4939664,720573,10607148,60657103,6215377,96430,872930,12185,622023,4676,67713,2873314,8430040,226501,869923,13296654,4774309,18070963,10023840,9701209,7804790,4979245,3241557,3500508,538033,39789182,30026672,69815854,42814434,15938006,9526395,269602,3598136,586254,3026614,312904,7861580,447438,4727542,8882714,708230,4399688,11728014,673787,816719,105414,94061,232167,8095074,1209912,4715973,9213,105638,545324,1397763,4909095,4408822,737588,5105877,1537886,3263386,10831,32555,30478,63033,6317,4698,11015,5076,8235,13311,10589,108763,66.63220162292495,44.20606568267115,17.87731578948405,17.77722453620645,13.34123765924202,13.62405992707313,51.46712481790595,35.12144881542326,30.71983683595879,12.87890342415831,56.40125973988292,19.86751353645015,7.20609282455266,1.0511880817939,15.47394581732039,88.48794466312923,9.067131610892893,1.273449896457887,0.9074211276327132,0.01777575176513507,0.006821453857511004,0.09878124573431193,15.90017089847398,46.64964451534763,1.253397508478104,4.813927182519271,73.58021816546247,26.41978183453754,14.62300300151264,14.15234165003645,11.38580300525306,7.263834476634383,4.728856180922112,5.106619717674963,0.7848946285967103,58.04535266063032,43.80358373452045,101.8489363951508,62.45865824774386,23.25072123818082,13.89731905922231,0.3933014548530115,19.91114695990468,3.244176859860761,16.74849314892626,1.731529194099949,43.50393501442065,26.16098544388586,49.15462446577972,3.919160257259118,2.476005290918918,64.8997731886231,3.728561671007793,4.519510111331643,0.5833336054088539,0.5205090619686399,1.284751675934481,44.79602996254267,6.695337708344597,26.09696561273464,0.05098234111817949,0.5845731630350857,3.017680906103344,7.734856188903713,27.16565243368602,24.39727202141911,4.081619778647104,28.25459274085172,8.510260355245041,18.05872769481073,0.05993593147194202,0.1801508862588009,0.168657309519144,0.348808195777945,0.03495663180761313,0.02599750771444776,0.06095413952206089,0.02808926120871367,0.04557034398222165,0.07365960519093531,0.05859676653645963,0.6018660986688977
SIKKIM,970,610577,323070,287507,444952,251269,193683,28275,14454,13821,206360,105261,101099,308138,194358,113780,230397,77741,302439,117401,25986,5143,159608,352662,9867,60522,1868,167216,314,16300,1828,52871,118578,4284,14834,115395,53627,169022,94633,125319,94096,54858,34950,32907,3970,440733,98437,539170,364810,161866,82725,1176,1135,10599,3630,2249,86696,5021,70100,93491,4546,111734,82619,39144,15365,219,93,4384,14512,214,74,14163,533,2502,18004,38007,67403,806,109268,53,22721,142,324,215,539,87,84,171,19,15,34,29,913,77.77540471105333,67.36635977558807,4.473953013278856,4.80718730326566,32.58148388894048,35.16401339793466,60.15971770823661,39.57468861627717,37.73430705709517,12.7323826478888,49.53331029501602,19.22787789255081,4.255974266963872,0.8423180041174169,26.14051954135187,57.75880847133121,1.616012394833084,0.3059401189366779,0.05142676517458076,27.38655403004044,2.669605962884288,0.2993889386596613,31.28054336121925,70.15536439043439,2.534581297109252,8.776372306563642,68.2721775863497,31.72782241365029,15.49894607887293,20.52468402838626,15.41099648365399,8.984616190914496,5.724093767043305,5.389492234394679,0.6502046424939033,72.18303342575958,16.12196332321722,88.30499674897678,59.74840192146118,26.51033366798946,13.54865971040508,0.1926047001442897,0.6715102176048088,6.270781318408254,2.147649418418904,1.330596017086533,51.29273112375904,41.47389097277278,55.31291784501425,2.689590704168688,2.970619209333696,48.8806190910059,23.15911538142964,9.09053259339021,0.1295689318550248,0.05502242311651738,2.593745192933465,8.585864562009679,0.1266107370638142,0.04378128290991706,8.379382565583178,0.3153435647430512,1.48028067352179,10.65186780419117,22.48642188590834,39.87824070239377,0.4768610003431507,64.64720568920022,0.03135686478683248,13.44262877021926,0.08401273207038137,0.1916910224704476,0.1272023760220563,0.3188933984925039,0.05147258936706464,0.04969767249233827,0.1011702618594029,0.01124114020660032,0.008874584373631835,0.02011572458023216,0.01715752978902155,0.5401663688750576
TAMIL NADU,19760,72147030,36137975,36009055,51837507,28040491,23797016,14438445,7204687,7233758,794697,401068,393629,32884681,21434978,11449703,27942181,4942500,39262349,4248457,9606547,1364893,17664784,63188168,4229479,4418331,14601,11186,89265,7414,188586,8864716,17265059,772257,1956630,11937264,11229457,23166721,5073396,12042684,11777047,10557632,5628815,7131256,1228196,53439026,14612434,68051460,36336584,21429281,14314360,66805,8365803,794957,5977406,1052287,11482800,1174257,16080190,13850821,1315734,8930581,13786507,4321071,1102422,203134,149455,209644,8454702,710033,2361219,41088,40405,267489,440884,10744728,6450541,91902,14752606,1507857,1297734,13319,44103,37180,81283,22188,12888,35076,8312,15348,23660,15362,168697,77.59286733692188,66.08619970726808,19.93660961910566,20.08871935128539,1.109824222303546,1.093138934081997,59.31427535715545,31.79673279401528,38.72949586420952,6.850593849809202,54.41991028598127,5.888609690516713,13.31523556825555,1.89182146513862,24.48442299010784,87.5824936937806,5.862305073403576,0.02023783931230433,0.1237265068291793,0.01550444973271942,0.01027623728932432,0.2613912173515667,38.26487140756778,74.52525974651311,3.333475635157863,8.445865083798436,51.52763742438993,48.47236257561007,7.032023355639172,16.69186382308461,16.32367541671501,14.63349496160826,7.801866549461566,9.88433758118664,1.702351434286346,74.06961312198159,20.25368750453068,94.32330062651228,50.36462900829043,29.70223583701228,19.84053952047645,0.09259563422084041,36.11129516343724,3.431461016861212,25.80169200466479,4.542235390152969,49.56592691732249,69.41072929569964,59.78757632554041,5.679414018064965,5.068723364001318,59.50996258814529,18.65206129084906,4.758644954544926,0.8768353536091708,0.6451279833689023,0.9049360071285012,36.49503095410007,3.064883459338074,10.19228832600004,0.1773578574197013,0.174409662895323,1.154626069006486,1.903091939510991,46.38001208716589,27.8439965673174,0.3966983501894808,63.68016431846354,6.508719986743053,5.601716358564512,0.05749195149369649,0.1903722153860272,0.1604888322348251,0.3508610476208524,0.09577531494422538,0.05563152420232453,0.1514068391465499,0.03587905254265375,0.06625020433405314,0.1021292568767069,0.06631063584699794,0.7281867813748869
TRIPURA,1162,3673917,1874376,1799541,2804783,1501369,1303414,654918,334370,320548,1166813,588327,578486,1469521,1045326,424195,1077019,392502,2204396,295947,353618,41496,778460,3063903,316042,159882,1070,125385,860,1514,5261,148637,576787,8612,61956,748686,318177,1066863,572033,908733,887990,295040,151689,137119,23264,2975868,733386,3709254,2093146,1010551,568604,1616,331560,18443,69463,17491,360143,12784,377988,405115,27481,725092,774211,46693,507359,8323,3760,60238,96619,206233,289345,15960,15414,7622,43071,257323,312494,4075,279789,136980,272964,671,1900,1330,3230,456,420,876,100,124,224,237,5238,80.09967050367696,72.43035863033963,17.83900348702715,17.8127644771639,31.38788588842367,32.14630841975815,55.76928001638946,23.57239985085086,29.31527848887169,10.6834748852519,60.00124662587641,8.055353455181487,9.625094959956906,1.12947570671847,21.18882925226672,83.39608652019085,8.60231736318485,0.02912422899047529,0.02340825881477453,3.412842478477331,0.0412094230762426,0.1431986623541033,13.93215436283759,54.06383012626739,0.8072264198870894,5.807306092722309,70.17639565717435,29.82360434282565,15.57011222626967,24.73471774130989,24.17011598247865,8.030665907803579,4.128808571342248,3.73222911677101,0.6332206198452497,80.9998701658203,19.96196430131655,100.9618344671368,56.97314337803494,27.5060922715456,15.47677859897216,0.04398575144729726,31.07802970015832,1.728713058752623,6.510957826825001,1.639479483307604,33.75719281669718,35.42985369255472,37.97254192900119,2.575869628996413,1.198279441690264,72.56892403242028,4.376663170435192,47.55615294559845,0.7801376559127086,0.3524351299089011,5.646273232833082,9.056364312943648,19.33078567726128,27.12110177220505,1.495974647166506,1.444796567131862,0.7144310000440544,4.037163159655925,24.11959173764579,29.2909211398277,0.3819609453135032,26.22539163885148,12.83951172737268,25.58566563841843,0.06289467344916827,0.1780922199007745,0.1246645539305422,0.3027567738313167,0.04274213277618588,0.03936775387280279,0.08210988664898868,0.009373274731619712,0.01162286066720844,0.02099613539882815,0.02221466111393872,0.4909721304422405
UTTAR PRADESH,11857,199812341,104480510,95331831,114397555,68234964,46162591,41357608,21676975,19680633,1134273,581083,553190,65814715,49846762,15967953,44635492,21179223,133997626,19057888,19939223,3898590,22919014,159312654,38483967,356448,643500,206285,213267,13598,582622,6226793,12120231,609773,2664447,34726215,10446228,45172443,29707438,33441369,26347392,17311875,11978183,9588223,933280,129307760,70537129,199844889,126507123,44192083,27491073,1622062,22329804,1250106,6455749,1097897,20149607,932537,10935311,22036666,789162,11736853,31178985,1353666,1376353,558090,151717,581471,20754080,1114990,22343361,12160,27866,224073,300232,11857526,17094941,36133,8976317,964281,3971799,37958,82416,56146,138562,15329,20209,35538,12115,6564,18679,7154,237885,65.30879682727429,48.42306133824284,20.74738628285792,20.64434595827704,0.5561640156618683,0.580278375226004,47.70914881636777,16.74986500573979,22.33870629642441,10.59955701134596,67.06173669222963,9.537893357648015,9.97897472208686,1.951125731518255,11.47026949651723,79.73113832843788,19.26005511341264,0.3220521799501864,0.1067336476479198,0.1032393689837206,0.006805385459149394,0.2915845923650932,13.78449467521604,26.83102837719005,1.349878287521443,5.89839030844535,76.87477739470499,23.125222605295,14.86766925972806,16.73638816933735,13.18606842207009,8.664066950699507,5.994716312342289,4.798614015537709,0.4670782571933332,64.71460138690833,35.30168789724555,100.0162892841539,63.31296774106661,22.11679357682917,13.75844598107181,0.8117927010324152,49.43235857312389,2.767408439698513,14.29134350781072,2.430457436185154,44.60597138835285,24.20792472968531,48.78342754231822,1.746998717780218,2.064393550731803,69.02213590706174,2.996663253302462,3.046886350600963,1.235465613405058,0.3358618439122277,1.287225045588081,45.94411685903284,2.468296877368355,49.46237023310871,0.02691906656454246,0.06168805171772534,0.496039144927362,0.664635295460996,26.24946806618362,37.84373805065181,0.07998903225136617,19.87122325883504,2.13466648239503,8.79252645246572,0.08402910597507422,0.1824475156236292,0.1242925913925001,0.3067401070161293,0.033934405540121,0.04473745199036501,0.07867185753048601,0.02681944830834144,0.01453098297118887,0.04135043127953031,0.01583708899693559,0.5266153083639953
UTTARAKHAND,806,10086292,5137773,4948519,6880953,3863708,3017245,1892516,968586,923930,291903,148669,143234,3872275,2551921,1320354,2870624,1001651,6214017,1580423,403301,114312,1774239,8368636,1406825,37781,236340,14926,9183,993,11608,883286,1738175,63032,218358,2512569,870841,3383410,1171572,1711250,1544365,1121015,859913,818020,91998,7318133,2239597,9557730,6033370,2419886,1616428,16608,624922,124006,457054,63362,1294045,125209,1237708,1489596,132189,1313561,1655435,247492,237050,13993,6730,28314,660675,8796,479141,21297,17745,79293,132857,531104,1163354,14522,1362436,39434,302610,1793,3935,3010,6945,811,920,1731,871,389,1260,463,12189,75.20199899839872,60.97268697968018,18.85225369046083,18.67083868931291,2.893646722033068,2.89448216729086,49.66978883652509,26.68180116111507,28.46064738161457,9.930815011106162,61.60853760727927,15.66901890209008,3.998506091237493,1.133340180910884,17.59059721848227,82.970391894266,13.94789086018925,2.343180229166477,0.09104436000861367,0.1479830248816909,0.009845045136508045,0.1150868921899148,26.10638379622925,51.37346641406155,1.862972563183297,6.453784791083551,74.26144038115392,25.73855961884608,11.61548763410776,16.96609616299033,15.31152379883509,11.11424297452423,8.525561227059459,8.11021532987544,0.9121092270578721,72.55523635445019,22.20436410129708,94.75960045574726,59.81752263368937,23.99182970312578,16.02598853969328,0.1646591234915666,18.47018244906766,3.665118918487562,13.50867911367526,1.872726036749906,38.2467687924313,36.58167351872815,44.02647033614016,3.906975506958955,3.700674763034927,48.92800458708818,7.314868727112588,7.00624517868068,0.4135768352047195,0.1989117487978105,0.8368480320150381,19.52689742005846,0.2599744045208828,14.16148205508644,0.6294537168123284,0.5244708740590115,2.343582362173074,3.926718901936213,15.69729947006127,34.38406814426865,0.4292119488917985,40.26813185514023,1.165510535229251,8.943935260580302,0.05299387304524134,0.1163027832866842,0.08896350131967452,0.2052662846063587,0.02396990018945384,0.02719150206448524,0.05116140225393907,0.02574325901974635,0.01149727641639648,0.03724053543614282,0.01368441897375725,0.3602578463739246
WEST BENGAL,6384,91276115,46809027,44467088,61538281,33818810,27719471,21463270,11003304,10459966,5296953,2649974,2646979,34756355,26716047,8040308,25686630,9069725,56519760,5116688,10188842,2464124,16986701,64385546,24654825,658618,63523,282898,60141,942297,228267,3603293,10935123,443642,1668757,16953359,8390356,25343715,10838317,17632154,18271212,7446104,4364896,4618160,648007,63818850,26569967,90388817,50551737,25343015,15268912,112451,11475393,448500,1710291,454850,8616602,400966,7091740,9879111,807659,11809375,17915385,1470642,5128672,281065,78446,1128546,7751288,1076897,13405359,104095,52576,156157,350797,6967853,7754470,37969,5100936,3344259,5344976,18439,41377,32335,73712,15122,8849,23971,5482,10459,15941,8720,140786,72.24847890984788,62.33705026962863,23.50679923340427,23.52293903302145,5.661245639649805,5.952669983696706,57.07456170793724,18.081480847138,28.14167759002451,9.936580889754126,61.92174152022136,5.605725002647188,11.16265958514996,2.699637249021828,18.61023664295966,70.53931469366329,27.01125590194105,0.0695943292503192,0.06588908828996502,0.3099365041993735,1.032358793973648,0.2500840444403226,14.21769854971933,43.1472773427258,1.750501061111207,6.584500338644117,66.89374071638669,33.10625928361331,11.87420937010739,19.31738001776259,20.01751717850831,8.157779283222123,4.782079079505082,5.059549258861423,0.7099414781183445,69.91845566608526,29.10944117198678,99.02789683807204,55.38331358647331,27.76522094526043,16.72826675412292,0.1231987141433441,45.27904847414833,1.769669521615122,6.748383179024859,1.794725043270097,33.99896976429856,27.98224332936193,38.98051647124346,3.186821663674801,1.582112172584011,70.68965619286675,5.802787791766124,20.23646493815133,1.109012628969352,0.3095284175978147,4.452962006556655,30.58465580125092,4.249167890342832,52.89421460113483,0.4107329963267027,0.2074518278003047,0.6161567078859591,1.384157768503947,27.49341602050054,30.5972111823385,0.1498162364909801,20.12702557616356,13.19561477076269,21.08994675800292,0.07275571083402729,0.16326335740439,0.1275858728682831,0.2908492302726731,0.05966765330181467,0.03491595450785333,0.094583607809668,0.02163060940355429,0.04126861432903582,0.0628992237325901,0.03440695257187038,0.5555065624751541
